{
   "theta": 224.50167453436936,
   "rho": 0.20524606902267442,
   "gene_conversion": 0.0039757087151732415,
   "recombination": 0.0013097487346986876,
   "hgt_rate": 0.004181196114535443
}