{
   "theta": 31.449665688000096,
   "rho": 0.019793159094180446,
   "gene_conversion": 0.005803739315720285,
   "recombination": 0.0008266793466944998,
   "hgt_rate": 0.0030014849546301644,
   "time": 31.54092003352112
}