{
   "theta": 434.30365070304924,
   "rho": 0.12026398439705677,
   "gene_conversion": 0.00683538284343403,
   "recombination": 0.0060788310517104925,
   "hgt_rate": 0.00809984376756551,
   "time": 24.04525605506367
}