{
    "theta": 50,
    "rho": 0.2,
    "recomb": 0,
    "hgt": 0,
    "gene_count": 100000,
    "num_samples": 10,
    "num_simulations": 240,
    "gene_conv_list": [
        0.0101,
        0.010199999999999999,
        0.010299999999999998,
        0.010399999999999998,
        0.010499999999999997,
        0.010599999999999997,
        0.010699999999999996,
        0.010799999999999995,
        0.010899999999999995,
        0.010999999999999994,
        0.011099999999999994,
        0.011199999999999993,
        0.011299999999999992,
        0.011399999999999992,
        0.011499999999999991,
        0.01159999999999999,
        0.01169999999999999,
        0.01179999999999999,
        0.011899999999999989,
        0.011999999999999988,
        0.012099999999999988,
        0.012199999999999987,
        0.012299999999999986,
        0.012399999999999986,
        0.012499999999999985,
        0.012599999999999984,
        0.012699999999999984,
        0.012799999999999983,
        0.012899999999999983,
        0.012999999999999982,
        0.013099999999999981,
        0.01319999999999998,
        0.01329999999999998,
        0.01339999999999998,
        0.013499999999999979,
        0.013599999999999978,
        0.013699999999999978,
        0.013799999999999977,
        0.013899999999999977,
        0.013999999999999976,
        0.014099999999999975,
        0.014199999999999975,
        0.014299999999999974,
        0.014399999999999974,
        0.014499999999999973,
        0.014599999999999972,
        0.014699999999999972,
        0.014799999999999971,
        0.01489999999999997,
        0.01499999999999997,
        0.01509999999999997,
        0.015199999999999969,
        0.015299999999999968,
        0.015399999999999968,
        0.015499999999999967,
        0.015599999999999966,
        0.015699999999999964,
        0.015799999999999967,
        0.015899999999999963,
        0.015999999999999966,
        0.01609999999999996,
        0.016199999999999964,
        0.01629999999999996,
        0.016399999999999963,
        0.01649999999999996,
        0.016599999999999962,
        0.016699999999999958,
        0.01679999999999996,
        0.016899999999999957,
        0.01699999999999996,
        0.017099999999999956,
        0.01719999999999996,
        0.017299999999999954,
        0.017399999999999957,
        0.017499999999999953,
        0.017599999999999956,
        0.017699999999999952,
        0.017799999999999955,
        0.01789999999999995,
        0.017999999999999954,
        0.01809999999999995,
        0.018199999999999952,
        0.018299999999999948,
        0.01839999999999995,
        0.018499999999999947,
        0.01859999999999995,
        0.018699999999999946,
        0.01879999999999995,
        0.018899999999999945,
        0.018999999999999947,
        0.019099999999999943,
        0.019199999999999946,
        0.019299999999999942,
        0.019399999999999945,
        0.01949999999999994,
        0.019599999999999944,
        0.01969999999999994,
        0.019799999999999943,
        0.01989999999999994,
        0.01999999999999994
    ]
}