{
   "theta": 0.01,
   "rho": 0.00010001,
   "gene_conversion": 0.0,
   "recombination": 0.005,
   "hgt_rate": 0.0,
   "time": 24.31922794739405
}